ID,USERNAME,FIRSTNAME,LASTNAME,EMAIL,PASSWORD,PHONE,USERSTATUS
1,rlisimore0,Rori,Lisimore,rlisimore0@blogspot.com,BImJ7vyDG,561-194-3847,0
2,klindholm1,Katey,Lindholm,klindholm1@vinaora.com,mMUrRfTjQ,215-143-6281,1
3,jroads2,Janina,Roads,jroads2@facebook.com,AE6QR7VNjf,103-404-4737,0
4,astarkey3,Arlena,Starkey,astarkey3@dropbox.com,9rs7zgrC8qX,939-864-3997,1
5,gcosgreave4,Gerrard,Cosgreave,gcosgreave4@alexa.com,OHW84J3V1,873-720-3845,0
6,flawles5,Fancie,Lawles,flawles5@deviantart.com,haVB5KSApZ0,871-255-4626,1
7,sclopton6,Stepha,Clopton,sclopton6@loc.gov,hvcJf8G,191-389-4213,0
8,reaves7,Rhiamon,Eaves,reaves7@google.es,PhN3rszf,936-907-6737,1
9,ctraite8,Claudetta,Traite,ctraite8@webnode.com,gmVmknt,209-436-3646,0
10,cyerbury9,Cornell,Yerbury,cyerbury9@pbs.org,g1zPIk,759-483-9040,0
11,wsydera,Wilhelm,Syder,wsydera@addtoany.com,2mayVQ67,487-693-2421,1
12,aprescottb,April,Prescott,aprescottb@list-manage.com,53LJcCdkI,230-154-4131,0
13,bbirbeckc,Beret,Birbeck,bbirbeckc@blinklist.com,9XJOz0uAVyt,781-490-2498,1
14,schisnelld,Shelli,Chisnell,schisnelld@abc.net.au,F2rcY63nZ0,287-231-2505,0
15,wfollinge,Winn,Folling,wfollinge@ucla.edu,fbD4iN7lwfBN,301-344-8567,0
16,wgilgrystf,Woodrow,Gilgryst,wgilgrystf@nasa.gov,NLGLHbI1Law,311-310-7662,0
17,vmatuskag,Vite,Matuska,vmatuskag@phoca.cz,CPRwUZ,618-720-4546,1
18,barnaezh,Berti,Arnaez,barnaezh@geocities.jp,gF8EY0kIw,263-880-5961,0
19,rlovei,Rutledge,Love,rlovei@youku.com,75XjTaap,599-801-2755,0
20,thenningtonj,Tedi,Hennington,thenningtonj@jiathis.com,537xcwoOuosU,773-130-1411,1
21,qbortonk,Quentin,Borton,qbortonk@canalblog.com,UyEzTSt5zRj,416-400-8125,a0
22,ibissl,Ilario,Biss,ibissl@xing.com,Ot3aIHZB,821-806-8740,1
23,rwatersm,Rochell,Waters,rwatersm@amazon.de,9wPFstf,529-273-5350,1
24,ddingivann,Dennet,Dingivan,ddingivann@issuu.com,28YE317,758-125-8174,0
25,wswindleyo,Whitby,Swindley,wswindleyo@github.com,3uBJ8iMl,509-663-5409,1